<?xml version="1.0" encoding="utf-8"?>
<annotation>
	<folder>36</folder>
	<filename>2.jpg</filename>
	<source></source>
	<size>
		<width>4096</width>
		<height>3072</height>
		<depth>3</depth>
	</size>
	<segmented>0</segmented>
	<object>
		<name>门</name>
		<pose>Unspecified</pose>
		<truncated>0</truncated>
		<difficult>0</difficult>
		<bndbox>
			<xmin>2294.62016</xmin>
			<ymin>728.46336</ymin>
			<xmax>3961.9788800000006</xmax>
			<ymax>2587.0233599999997</ymax>
		</bndbox>
	</object>
</annotation>
