<?xml version="1.0" encoding="utf-8"?>
<annotation>
	<folder>58</folder>
	<filename>10.jpg</filename>
	<source></source>
	<size>
		<width>720</width>
		<height>1280</height>
		<depth>3</depth>
	</size>
	<segmented>0</segmented>
	<object>
		<name>猫</name>
		<pose>Unspecified</pose>
		<truncated>0</truncated>
		<difficult>0</difficult>
		<bndbox>
			<xmin>102.9024</xmin>
			<ymin>412.16</ymin>
			<xmax>464.40720000000005</xmax>
			<ymax>906.1120000000001</ymax>
		</bndbox>
	</object>
</annotation>
