<?xml version="1.0" encoding="utf-8"?>
<annotation>
	<folder>58</folder>
	<filename>11.jpg</filename>
	<source></source>
	<size>
		<width>720</width>
		<height>1280</height>
		<depth>3</depth>
	</size>
	<segmented>0</segmented>
	<object>
		<name>猫</name>
		<pose>Unspecified</pose>
		<truncated>0</truncated>
		<difficult>0</difficult>
		<bndbox>
			<xmin>155.69279999999998</xmin>
			<ymin>397.376</ymin>
			<xmax>531.2303999999999</xmax>
			<ymax>939.8783999999999</ymax>
		</bndbox>
	</object>
</annotation>
