<?xml version="1.0" encoding="utf-8"?>
<annotation>
	<folder>58</folder>
	<filename>3.jpg</filename>
	<source></source>
	<size>
		<width>600</width>
		<height>600</height>
		<depth>3</depth>
	</size>
	<segmented>0</segmented>
	<object>
		<name>猫</name>
		<pose>Unspecified</pose>
		<truncated>0</truncated>
		<difficult>0</difficult>
		<bndbox>
			<xmin>46.218</xmin>
			<ymin>4.2059999999999995</ymin>
			<xmax>375.31199999999995</xmax>
			<ymax>562.2779999999999</ymax>
		</bndbox>
	</object>
</annotation>
