<?xml version="1.0" encoding="utf-8"?>
<annotation>
	<folder>58</folder>
	<filename>4.jpg</filename>
	<source></source>
	<size>
		<width>1620</width>
		<height>1080</height>
		<depth>3</depth>
	</size>
	<segmented>0</segmented>
	<object>
		<name>猫</name>
		<pose>Unspecified</pose>
		<truncated>0</truncated>
		<difficult>0</difficult>
		<bndbox>
			<xmin>57.13740000000001</xmin>
			<ymin>14.6988</ymin>
			<xmax>1428.3054000000002</xmax>
			<ymax>1038.8196</ymax>
		</bndbox>
	</object>
</annotation>
