<?xml version="1.0" encoding="utf-8"?>
<annotation>
	<folder>58</folder>
	<filename>8.jpg</filename>
	<source></source>
	<size>
		<width>720</width>
		<height>1280</height>
		<depth>3</depth>
	</size>
	<segmented>0</segmented>
	<object>
		<name>猫</name>
		<pose>Unspecified</pose>
		<truncated>0</truncated>
		<difficult>0</difficult>
		<bndbox>
			<xmin>35.416799999999995</xmin>
			<ymin>342.5152</ymin>
			<xmax>676.26</xmax>
			<ymax>1262.8736000000001</ymax>
		</bndbox>
	</object>
</annotation>
