<?xml version="1.0" encoding="utf-8"?>
<annotation>
	<folder>52</folder>
	<filename>1.jpg</filename>
	<source></source>
	<size>
		<width>4096</width>
		<height>3072</height>
		<depth>3</depth>
	</size>
	<segmented>0</segmented>
	<object>
		<name>人</name>
		<pose>Unspecified</pose>
		<truncated>0</truncated>
		<difficult>0</difficult>
		<bndbox>
			<xmin>1298.92352</xmin>
			<ymin>947.5891200000001</ymin>
			<xmax>2132.62336</xmax>
			<ymax>2440.3968</ymax>
		</bndbox>
	</object>
</annotation>
