<?xml version="1.0" encoding="utf-8"?>
<annotation>
	<folder>52</folder>
	<filename>10.jpg</filename>
	<source></source>
	<size>
		<width>720</width>
		<height>1280</height>
		<depth>3</depth>
	</size>
	<segmented>0</segmented>
	<object>
		<name>猫</name>
		<pose>Unspecified</pose>
		<truncated>0</truncated>
		<difficult>0</difficult>
		<bndbox>
			<xmin>191.89440000000002</xmin>
			<ymin>453.7088</ymin>
			<xmax>526.2912</xmax>
			<ymax>824.8575999999998</ymax>
		</bndbox>
	</object>
</annotation>
