<?xml version="1.0" encoding="utf-8"?>
<annotation>
	<folder>52</folder>
	<filename>2.jpg</filename>
	<source></source>
	<size>
		<width>2048</width>
		<height>1536</height>
		<depth>3</depth>
	</size>
	<segmented>0</segmented>
	<object>
		<name>船</name>
		<pose>Unspecified</pose>
		<truncated>0</truncated>
		<difficult>0</difficult>
		<bndbox>
			<xmin>941.95712</xmin>
			<ymin>1032.8371200000001</ymin>
			<xmax>1234.45248</xmax>
			<ymax>1287.7824</ymax>
		</bndbox>
	</object>
</annotation>
