<?xml version="1.0" encoding="utf-8"?>
<annotation>
	<folder>52</folder>
	<filename>5.jpg</filename>
	<source></source>
	<size>
		<width>720</width>
		<height>1280</height>
		<depth>3</depth>
	</size>
	<segmented>0</segmented>
	<object>
		<name>猫</name>
		<pose>Unspecified</pose>
		<truncated>0</truncated>
		<difficult>0</difficult>
		<bndbox>
			<xmin>94.73039999999999</xmin>
			<ymin>448.5888</ymin>
			<xmax>635.5871999999999</xmax>
			<ymax>1101.312</ymax>
		</bndbox>
	</object>
</annotation>
