{
    "info": {},
    "licenses": {},
    "images": [
        {
            "lisence": "",
            "name": "1.jpg",
            "coco_url": "",
            "height": 1279,
            "width": 1705,
            "date_captured": "2022-01-04 21:16:28",
            "flicker_url": "",
            "id": 1
        },
        {
            "lisence": "",
            "name": "2.jpg",
            "coco_url": "",
            "height": 690,
            "width": 690,
            "date_captured": "2022-01-04 21:16:28",
            "flicker_url": "",
            "id": 2
        },
        {
            "lisence": "",
            "name": "4.jpg",
            "coco_url": "",
            "height": 600,
            "width": 600,
            "date_captured": "2022-01-04 21:16:28",
            "flicker_url": "",
            "id": 4
        },
        {
            "lisence": "",
            "name": "8.jpg",
            "coco_url": "",
            "height": 1080,
            "width": 1620,
            "date_captured": "2022-01-04 21:16:28",
            "flicker_url": "",
            "id": 8
        },
        {
            "lisence": "",
            "name": "16.jpg",
            "coco_url": "",
            "height": 1280,
            "width": 720,
            "date_captured": "2022-01-04 21:16:28",
            "flicker_url": "",
            "id": 16
        },
        {
            "lisence": "",
            "name": "32.jpg",
            "coco_url": "",
            "height": 1280,
            "width": 720,
            "date_captured": "2022-01-04 21:16:28",
            "flicker_url": "",
            "id": 32
        },
        {
            "lisence": "",
            "name": "64.jpg",
            "coco_url": "",
            "height": 1280,
            "width": 720,
            "date_captured": "2022-01-04 21:16:28",
            "flicker_url": "",
            "id": 64
        },
        {
            "lisence": "",
            "name": "128.jpg",
            "coco_url": "",
            "height": 1280,
            "width": 720,
            "date_captured": "2022-01-04 21:16:28",
            "flicker_url": "",
            "id": 128
        },
        {
            "lisence": "",
            "name": "256.jpg",
            "coco_url": "",
            "height": 1280,
            "width": 720,
            "date_captured": "2022-01-04 21:16:28",
            "flicker_url": "",
            "id": 256
        },
        {
            "lisence": "",
            "name": "512.jpg",
            "coco_url": "",
            "height": 1280,
            "width": 720,
            "date_captured": "2022-01-04 21:16:28",
            "flicker_url": "",
            "id": 512
        },
        {
            "lisence": "",
            "name": "1024.jpg",
            "coco_url": "",
            "height": 1280,
            "width": 720,
            "date_captured": "2022-01-04 21:16:28",
            "flicker_url": "",
            "id": 1024
        },
        {
            "lisence": "",
            "name": "2048.jpg",
            "coco_url": "",
            "height": 1280,
            "width": 720,
            "date_captured": "2022-01-04 21:16:28",
            "flicker_url": "",
            "id": 2048
        }
    ],
    "annotation": [
        {
            "segmentation": [],
            "area": 2180695,
            "iscrowd": 0,
            "image_id": 1,
            "bbox": [
                238.92165,
                8.96579,
                1433.6321999999998,
                1250.78526
            ],
            "category_id": 10,
            "id": 1
        },
        {
            "segmentation": [],
            "area": 476100,
            "iscrowd": 0,
            "image_id": 2,
            "bbox": [
                136.3992,
                13.937999999999999,
                542.3952,
                477.9147
            ],
            "category_id": 11,
            "id": 1
        },
        {
            "segmentation": [],
            "area": 360000,
            "iscrowd": 0,
            "image_id": 4,
            "bbox": [
                46.218,
                4.2059999999999995,
                329.09399999999994,
                558.072
            ],
            "category_id": 7,
            "id": 1
        },
        {
            "segmentation": [],
            "area": 1749600,
            "iscrowd": 0,
            "image_id": 8,
            "bbox": [
                57.13740000000001,
                14.6988,
                1371.1680000000001,
                1024.1208
            ],
            "category_id": 7,
            "id": 1
        },
        {
            "segmentation": [],
            "area": 921600,
            "iscrowd": 0,
            "image_id": 16,
            "bbox": [
                10.0224,
                266.496,
                707.6376,
                890.8031999999997
            ],
            "category_id": 7,
            "id": 1
        },
        {
            "segmentation": [],
            "area": 921600,
            "iscrowd": 0,
            "image_id": 32,
            "bbox": [
                4.010400000000001,
                274.94399999999996,
                706.968,
                949.9136000000001
            ],
            "category_id": 7,
            "id": 1
        },
        {
            "segmentation": [],
            "area": 921600,
            "iscrowd": 0,
            "image_id": 64,
            "bbox": [
                2.0016000000000003,
                302.38719999999995,
                716.9904,
                869.6959999999999
            ],
            "category_id": 7,
            "id": 1
        },
        {
            "segmentation": [],
            "area": 921600,
            "iscrowd": 0,
            "image_id": 128,
            "bbox": [
                35.416799999999995,
                342.5152,
                640.8432,
                920.3584000000001
            ],
            "category_id": 7,
            "id": 1
        },
        {
            "segmentation": [],
            "area": 921600,
            "iscrowd": 0,
            "image_id": 256,
            "bbox": [
                190.44,
                367.8208,
                439.68240000000003,
                515.0591999999999
            ],
            "category_id": 7,
            "id": 1
        },
        {
            "segmentation": [],
            "area": 921600,
            "iscrowd": 0,
            "image_id": 512,
            "bbox": [
                102.9024,
                412.16,
                361.5048000000001,
                493.9520000000001
            ],
            "category_id": 7,
            "id": 1
        },
        {
            "segmentation": [],
            "area": 921600,
            "iscrowd": 0,
            "image_id": 1024,
            "bbox": [
                155.69279999999998,
                397.376,
                375.53759999999994,
                542.5023999999999
            ],
            "category_id": 7,
            "id": 1
        },
        {
            "segmentation": [],
            "area": 921600,
            "iscrowd": 0,
            "image_id": 2048,
            "bbox": [
                98.22959999999999,
                8.9728,
                590.0328000000001,
                1258.0992
            ],
            "category_id": 10,
            "id": 1
        }
    ],
    "categories": [
        {
            "supercategory": "\u82b1",
            "id": 10,
            "name": "\u82b1"
        },
        {
            "supercategory": "\u72d7",
            "id": 11,
            "name": "\u72d7"
        },
        {
            "supercategory": "\u732b",
            "id": 7,
            "name": "\u732b"
        }
    ]
}